nodeID;EI_ratio;genePC1;receptor_den;t1t2_ratio;cortical_thickness;x;y;z
0;1.210010111;-0.030371971;0.499999635;1.734933369;3.886453022;-35.222542;-38.429971;-21.574463
1;1.251842661;0.016789151;0.482235876;1.7853812;3.585763372;-36.56829;-54.683807;-17.885848
2;1.261947491;-0.017596178;0.570563991;1.810840327;3.630625255;-27.710723;-44.208237;-14.731203
3;1.220099831;-0.039212354;0.523262775;1.711798134;3.21527396;-28.698398;-36.336251;-14.740993
4;1.38653746;-2.7449E-05;0.491018022;1.859665363;3.331922542;-27.898998;-61.177898;-12.501398
5;1.310946875;0.031963629;0.458413982;1.83235088;3.319484206;-32.509224;-70.987118;-14.171903
6;1.328740172;0.02732615;0.469711838;1.747343252;3.230964399;-40.953139;-70.78031;-12.074942
7;1.534840812;0.018046195;0.502273491;1.851978677;2.976772678;-25.530163;-58.745934;-7.992435
8;1.664564515;0.052945054;0.460269483;1.905316123;2.864964852;-21.761571;-75.962397;-9.166419
9;1.295782715;0.041596055;0.416922605;1.806376454;3.165900084;-36.024924;-81.342358;-13.469804
10;1.012954343;0.010713896;0.325139818;2.030708042;3.173567273;-16.758967;-37.354465;-10.996143
11;1.39559473;0.05865467;0.39935281;1.924673045;2.6411846;-21.026887;-86.430496;-12.368936
12;1.497685359;0.033618281;0.464186552;1.873930746;3.091548476;-22.135271;-49.255067;-7.118304
13;1.140619088;0.049704979;0.262616651;1.844979059;3.011344374;-33.809082;-87.709583;-11.886291
14;1.493801424;0.055475012;0.362185198;1.993899105;2.650161275;-11.857447;-83.80131;-11.564783
15;1.417669447;0.020046725;0.497793545;1.737187867;3.150335944;-42.338466;-74.385177;-5.048548
16;1.547337514;0.073498003;0.373047198;2.025793521;2.674006807;-10.153102;-76.357557;-5.907657
17;1.529710591;0.066892556;0.37979151;2.033518701;2.890428655;-12.504901;-63.786026;-3.36142
18;1.374572864;0.032816272;0.305407494;2.020987199;3.072027268;-14.615402;-51.112143;-6.507004
19;1.081375959;0.065967808;0.206234754;2.03664051;2.334753451;-9.26299;-94.683936;-11.524535
20;1.107688873;-0.042022323;0.231045524;2.162653208;2.685310007;-12.90135;-40.214649;-4.895456
21;1.324383385;0.065542464;0.304506517;1.98321293;2.487077973;-22.85548;-96.002534;-8.812444
22;1.502998833;0.050980757;0.364856871;1.816719875;3.05490705;-38.681569;-86.047684;-2.702071
23;1.347984154;0.070105737;0.331333001;2.096840732;2.336223394;-3.796306;-87.185849;-6.614458
24;1.600762974;0.085573214;0.427148907;2.141408475;2.36690119;-4.008716;-72.608208;1.79681
25;1.681749274;0.06103288;0.374850636;2.172042768;2.482829452;-9.057246;-59.519261;2.904358
26;1.565168516;0.077347764;0.417940698;1.896971461;2.564206578;-28.992898;-91.614479;0.333177
27;1.582326481;-0.018765776;0.419674893;2.012408577;2.728818577;-14.39606;-47.702117;-2.436491
28;1.500509093;0.038983033;0.482696071;1.837584508;2.958574115;-43.704704;-75.78761;5.249951
29;1.528120234;0.077526542;0.399549969;2.0422102;2.105402828;-11.100901;-94.29466;-2.241513
30;1.370735504;-0.010557139;0.165495628;1.714441063;2.55665597;-9.912362;-42.662942;2.108476
31;1.598266592;0.067401544;0.517291855;2.159303143;2.144611051;-9.554849;-70.453732;5.448571
32;1.522534694;0.042727729;0.414969993;1.799436609;2.784783563;-35.405308;-85.100685;4.887709
33;1.589475141;0.059268498;0.484736118;2.019458665;2.250396131;-17.93826;-55.764604;0.800086
34;1.691196018;0.079219008;0.517072293;2.126761092;2.312125945;-8.744267;-81.404357;4.149001
35;1.659270558;0.095591362;0.293264935;2.0494783;2.344790533;-11.288084;-101.210962;1.209149
36;1.643493211;0.081179285;0.380078048;1.97524024;2.337504184;-20.165497;-98.175454;4.478908
37;1.815720749;0.037854269;0.440846033;1.86317914;3.154962394;-16.539478;-51.959175;3.693547
38;1.615653212;0.074614767;0.501025017;2.089971462;2.256734709;-6.347189;-90.37197;3.563093
39;1.538233318;-0.002509953;0.232027471;1.692605332;2.964583498;-8.758193;-46.12546;4.515521
40;1.798305676;0.069054109;0.456338768;2.093444631;2.193356693;-18.886162;-68.530016;5.811099
41;1.720729973;0.071213132;0.44833713;1.896676712;2.632965555;-22.420206;-58.309522;4.858011
42;1.597619969;0.052005234;0.432950322;1.883558757;2.58195162;-26.971093;-91.435064;8.276425
43;1.75115256;0.076692797;0.541196797;2.171720287;2.311301977;-8.370539;-76.764031;11.474612
44;1.688099887;0.026826483;0.556227602;1.921992359;3.129310641;-19.018103;-61.467737;8.35235
45;1.398506317;0.005683251;0.523029244;1.758931827;2.929153803;-43.779756;-71.683422;15.435648
46;1.603390211;0.061301883;0.361720836;2.019384649;2.305544392;-5.535717;-95.987433;10.009254
47;1.619921924;0.070481363;0.343203141;1.971275633;2.457210464;-15.067327;-97.244341;13.151162
48;1.445421266;0.017888216;0.471988186;1.726886987;2.986534548;-37.133845;-82.648378;14.689869
49;1.686208765;0.082099416;0.552376992;2.126473805;2.371294392;-1.98996;-83.2763;12.650162
50;1.710730225;0.019319925;0.560664105;2.089463562;2.570210605;-13.9697;-66.175203;11.317058
51;1.602167913;0.046497979;0.430026018;1.91840778;2.634573791;-24.606859;-90.772072;16.672467
52;1.625875362;0.019513889;0.589578058;2.133538691;2.394504303;-4.877142;-72.252447;18.327711
53;1.763818746;0.069850414;0.480561203;2.011302707;2.439324203;-3.536633;-85.753955;20.212233
54;1.707293415;0.051775435;0.319644692;1.94506409;2.534446345;-8.763878;-91.526969;22.650546
55;1.772629001;0.020811303;0.527509509;1.871072524;2.971842154;-16.930644;-62.504809;19.077198
56;1.847493402;0.056527651;0.501747426;1.987862496;2.534291904;-14.983328;-70.258108;19.345464
57;1.636182274;0.043878588;0.407989457;1.975057982;2.436605005;-17.342119;-88.954165;22.529543
58;1.774329498;0.048154557;0.470259247;1.836625535;2.647942842;-26.635711;-82.179272;19.88939
59;1.768050196;0.032662525;0.498749579;2.00574046;2.488921611;-9.149281;-76.801591;25.025077
60;1.437379277;0.05943197;0.517470382;1.717891392;3.026070275;-31.572511;-82.727938;24.614441
61;1.699888511;0.06383698;0.328834048;1.957544219;2.698113006;-5.723056;-84.915761;31.676678
62;1.576167734;0.06468735;0.316005643;1.938509076;2.62524573;-15.143484;-84.86351;35.737388
63;1.571331493;0.029903732;0.492542104;1.921190207;2.555853925;-22.520858;-80.592052;28.579233
64;1.627263398;0.052870425;0.432392619;1.906684878;2.473235058;-13.647286;-77.311504;34.901123
65;1.412766199;0.02695172;0.417790502;1.84654998;2.633040019;-20.218506;-75.438581;42.172379
66;1.420100265;0.023378213;0.320791989;1.792473934;2.681716573;-14.81532;-74.748758;45.668589
67;1.18121682;-0.03193455;0.575218404;1.914079828;3.428649161;-53.930343;-3.14214;-1.79703
68;1.363750267;0.009933952;0.600944577;2.123677284;3.190237289;-54.157029;-19.011983;5.6417
69;1.343571208;0.007656454;0.582982453;2.076393405;2.852191735;-42.613532;-19.509841;2.531105
70;1.354411898;0.010965149;0.567186531;1.99012791;3.140116359;-57.722206;-27.633658;9.442177
71;1.297724049;-0.012583298;0.684105882;1.783209955;3.571981668;-36.779762;-9.239909;10.679044
72;1.558110215;0.026438799;0.578045597;2.020243267;3.086002288;-36.024665;-22.252909;8.85999
73;1.304826387;0.00304967;0.574207418;1.835067928;3.321714232;-60.333054;-39.582378;10.298593
74;1.662249423;0.035881574;0.493952094;2.179023538;2.955245568;-42.767726;-30.367876;10.031372
75;1.607791845;-0.003481842;0.528540589;1.867483607;3.053312401;-36.133677;-13.765057;16.48173
76;1.575868961;0.045478121;0.530812375;2.027502142;2.761956892;-47.167685;-34.843643;12.552438
77;1.419544992;-0.013159695;0.601883129;1.889320694;3.174540531;-41.355108;-15.422761;18.019939
78;1.882762485;0.027228837;0.464154622;2.002395064;2.923157129;-35.4203;-26.769611;17.820703
79;1.344049472;0.010644094;0.580112026;1.853703853;3.090313642;-54.8313;-38.625143;16.688184
80;1.300857031;-0.000503515;0.616195469;1.854603609;3.420872545;-50.13519;-15.217335;15.314611
81;1.888413929;0.023245634;0.420354025;1.978178274;2.895703792;-40.857435;-35.407005;17.264917
82;1.229676933;-0.000864728;0.559404677;1.887949126;3.228029885;-58.261468;-5.778345;11.955242
83;1.476054302;0.03980851;0.585417257;1.900385143;3.461669769;-44.60202;-24.355307;18.744784
84;1.249183472;0.050191738;0.590464592;1.812410272;3.338605286;-56.010589;-19.426354;19.766838
85;1.344924562;0.042286002;0.646510864;1.846061381;3.383311988;-51.091264;-27.436157;19.609516
86;1.213756469;0.002925892;0.514046457;2.034391471;2.877710627;-57.476402;-3.856423;18.685292
87;1.281960081;0.022692136;0.44954766;1.915813263;3.103133403;-62.977318;-11.17162;20.537253
88;1.241316215;0.047586507;0.502649359;2.097680258;2.110123904;-54.473168;-9.129025;24.574433
89;1.188684846;-0.008871568;0.493353575;2.073325078;3.205973108;-54.929543;-2.495258;29.025007
90;1.182929625;0.022934592;0.424771007;1.969291584;2.793146144;-60.063173;-11.299287;31.431071
91;1.385630812;0.035844761;0.456786968;2.160699651;2.473695497;-46.767119;-10.514294;30.031532
92;1.19355043;0.00742537;0.47083437;2.044406972;3.147771901;-52.20706;-5.282158;39.600308
93;1.241555248;0.024436309;0.498419454;1.870636322;2.70880445;-53.815155;-20.702867;39.145871
94;1.245937411;-0.008557171;0.475004712;2.092043921;1.829206187;-48.807913;-15.459643;37.198422
95;1.361200472;0.039028641;0.467686033;2.202476835;2.881992259;-43.50018;-13.716216;38.15168
96;1.216596839;-0.033194295;0.567755379;1.684485175;3.376199504;-7.380946;-9.951198;41.214394
97;1.139798951;0.042803032;0.255375958;2.07577963;2.426858867;-52.563905;-18.048038;47.192903
98;1.26130019;0.005969587;0.399219958;1.96354987;3.223835898;-48.158286;-4.039036;47.66188
99;1.290477721;0.001247388;0.497628167;1.801472868;2.647532707;-45.115662;-29.110398;42.294913
100;1.511063507;0.047116645;0.385554736;2.124034399;2.066947485;-37.605127;-19.516919;39.320233
101;1.24998561;-0.022338626;0.58267377;1.80728108;3.129437677;-8.922008;-10.33769;45.792125
102;1.163493957;0.022286738;0.361871316;1.952039016;2.578160207;-47.9631;-26.15404;50.261578
103;1.304610795;0.02724411;0.458033573;2.170419194;2.879022138;-40.953382;-12.700867;48.402382
104;1.627737114;0.050664742;0.358207328;2.187900532;2.307439064;-33.995963;-19.269328;45.02135
105;1.222599332;0.001705959;0.576272338;1.93157631;3.24957432;-7.112887;-15.450385;49.089647
106;1.327871463;0.055737831;0.38951832;2.14720497;2.09596513;-42.058909;-22.780003;52.042361
107;1.302525867;0.02609203;0.517961542;2.011743612;3.262555453;-5.559297;-23.85053;50.781302
108;1.174110126;0.036187383;0.288561154;1.965923042;2.544093922;-40.659492;-33.92284;58.145948
109;1.274709088;0.029692756;0.386904494;2.208409356;3.01578125;-37.433249;-17.05548;56.606415
110;1.260639393;0.020769219;0.495639155;1.891100419;2.614220127;-8.894128;-37.879547;54.388609
111;1.347345856;0.025022671;0.391587453;1.803029079;2.54317503;-31.2146;-44.593749;58.257514
112;1.235094342;-0.006202886;0.502544881;1.840985588;3.435607495;-4.831432;-7.92125;59.724742
113;1.564177857;0.036183003;0.416733708;2.153781024;2.335191913;-32.453976;-27.842593;51.21804
114;1.265981389;0.04288911;0.374080429;1.903247887;2.412275898;-32.578277;-38.32405;58.038835
115;1.233291379;0.01917754;0.417624202;1.934733238;2.873183841;-29.929134;-12.354159;62.158835
116;1.221101607;0.021722688;0.445561701;2.011091508;3.15477378;-4.930146;-18.670174;59.316876
117;1.329721049;0.039035556;0.373986385;2.134486771;1.948340832;-32.683601;-31.025921;60.867767
118;1.37755464;0.023642958;0.36657884;2.245720956;3.017503842;-29.329643;-22.974982;62.287017
119;1.539941886;0.043946333;0.359896497;2.142925056;2.127329047;-25.067901;-28.96717;54.700901
120;1.227809687;0.036603123;0.401878086;2.074532674;2.902576664;-4.36729;-29.515014;59.717018
121;1.269387099;0.016333333;0.365401291;1.90169629;2.214935567;-26.297535;-37.914364;62.01666
122;1.197068199;0.032525838;0.409929153;1.853733332;2.409010044;-8.967745;-41.64029;62.368883
123;1.23926461;-0.00208466;0.426788224;1.677833056;2.567233672;-10.151693;-46.897097;65.14882
124;1.395259986;0.042937837;0.263546911;2.043041435;2.267474211;-28.369045;-33.11102;68.426244
125;1.353146335;-0.014330335;0.450628124;1.787085788;2.421951541;-24.920366;-42.924162;60.932014
126;1.177455305;0.006372142;0.373446264;1.930815639;2.881760081;-23.7004;-14.613407;66.593736
127;1.217669374;0.001412858;0.424557294;1.790064734;2.932549729;-19.489976;-8.792129;63.68579
128;1.153414464;-0.000609612;0.406939203;1.9163671;3.121071683;-5.999655;-13.86713;68.26366
129;1.299045855;0.029454108;0.346339085;2.186709275;2.769432523;-20.397699;-25.008789;64.222184
130;1.26373863;0.051626599;0.361321287;2.100581193;1.748376437;-19.027777;-31.644813;63.080092
131;1.246329082;-0.005323113;0.310501601;1.954259681;2.076534412;-20.861776;-34.881733;68.8093
132;1.234904931;0.012061299;0.408602528;1.774623116;2.281264043;-19.7998;-42.850842;64.473224
133;1.158216054;0.001082063;0.400539262;1.78554307;2.984505727;-14.639387;-9.630359;69.170106
134;1.031087219;0.008944518;0.327409848;1.909959158;2.732245463;-17.740386;-15.274756;68.739736
135;1.254408283;0.041797561;0.319195737;1.904149779;2.295788209;-8.98871;-41.07034;71.603387
136;1.217838851;0.019294503;0.348987546;2.148783641;2.976984193;-5.492211;-23.212602;71.030954
137;1.290860594;0.039942471;0.367066892;2.104340173;2.552775992;-3.59193;-35.518105;68.353706
138;1.126185055;0.009597138;0.328390257;1.973037938;2.890371743;-11.187813;-15.974596;72.01249
139;1.266105844;0.017222716;0.285761389;1.896819639;2.158695861;-14.900049;-37.551985;72.574158
140;1.262627427;0.037033059;0.344848873;2.176205979;2.674613103;-12.838694;-26.21306;69.435072
141;1.206370494;0.04483429;0.354979794;2.070783413;1.731098779;-11.016672;-34.375867;69.079446
142;1.368058692;-0.022548209;0.518807898;1.651884612;3.491748726;-45.793579;-50.400252;-16.095422
143;1.508408565;-0.00617352;0.510161595;1.661063834;3.220715682;-44.558954;-62.685134;-7.618694
144;1.395219555;-0.011866701;0.547980022;1.603718284;3.553102442;-53.415237;-58.588229;-5.713871
145;1.4485823;0.011952598;0.550365888;1.678528144;3.170108451;-45.59826;-65.846898;-0.356251
146;1.4056338;-0.003320953;0.541992397;1.64654504;3.338865521;-53.252303;-61.406604;3.617976
147;1.46818756;0.017768173;0.549693429;1.77976222;3.023418247;-46.723831;-64.295466;10.72724
148;1.407841819;0.006852531;0.552325348;1.645658422;3.060582572;-43.13183;-72.140714;23.124626
149;1.360123288;-0.001511587;0.402800955;1.641306275;3.284916569;-36.946743;-80.216918;30.529357
150;1.669492347;0.026297954;0.478306617;1.757922023;2.676347603;-28.11203;-72.846468;27.950428
151;1.419042834;0.01011114;0.514615403;1.711177404;2.921658633;-29.554884;-74.102012;36.820964
152;1.65952101;0.030930679;0.474161857;1.80108954;2.545780619;-23.611219;-70.055331;35.379677
153;1.597361342;0.013551921;0.502592141;1.756575149;2.835224711;-26.951922;-66.886939;39.300976
154;1.136854071;-0.007053848;0.427059504;1.695030025;3.095806672;-53.914673;-33.384774;42.154199
155;1.223944092;-0.00527899;0.493333084;1.738415439;2.919994225;-52.230453;-28.339936;38.79094
156;1.330392165;-0.000232999;0.477787681;1.74682604;2.85540754;-46.873722;-32.505969;41.099159
157;1.575447312;0.022656401;0.462585941;1.781669905;2.673734937;-24.948539;-64.162902;47.347074
158;1.440654004;0.012094851;0.472124445;1.783466433;2.545920887;-20.342049;-68.312955;47.316375
159;1.478641721;-0.010179148;0.441014582;1.771721203;2.793988418;-41.359262;-36.803914;42.721003
160;1.55314794;0.005285459;0.432976564;1.771021156;2.689388425;-36.618795;-43.215087;43.439994
161;1.454823478;0.024434782;0.346640432;1.749893158;2.711399595;-14.174486;-69.09442;52.953459
162;1.436538744;0.024616839;0.461657736;1.787202557;2.639438918;-32.550275;-48.553222;46.736453
163;1.454945152;0.025570124;0.458802038;1.843171866;2.594843108;-28.868742;-55.016573;49.592768
164;1.290014741;0.023823464;0.459527785;1.810891606;2.582446235;-39.221465;-35.859496;46.93273
165;1.300668374;0.012388564;0.405436121;1.833851207;2.57640303;-26.289359;-59.512992;52.784436
166;1.542386259;0.003193807;0.388971424;1.703698144;2.92673996;-8.404545;-65.735915;54.20358
167;1.310263693;0.006668494;0.432045065;1.794433853;2.644182355;-36.050072;-41.914331;51.288009
168;1.301143608;0.009685405;0.334868591;1.762838057;2.610495684;-20.669457;-63.784037;55.904056
169;1.171583129;0.013738652;0.358188828;1.801655676;2.623146211;-31.800748;-50.599029;54.302863
170;1.416564703;0.023906476;0.507396188;1.679908578;2.967090636;-7.305077;-59.08959;55.542987
171;1.241179545;0.020459881;0.315702234;1.816460124;2.509751253;-26.276982;-56.739241;57.107419
172;1.425690938;0.007825795;0.257773925;1.703044323;2.719621859;-14.689957;-62.693268;59.957686
173;1.431967165;0.026133356;0.43806724;1.660384631;2.686783307;-12.535737;-58.767088;60.002507
174;1.374448141;0.016426859;0.398437082;1.73776232;2.652546839;-21.678278;-57.701556;61.872086
175;1.243825577;0.027181172;0.230672973;1.753193325;2.662680166;-29.372644;-50.997654;61.256847
176;1.34125537;-0.003214915;0.386183037;1.65557859;2.804372403;-9.538624;-53.980821;63.832984
177;1.39463277;0.002120646;0.391288733;1.677548629;2.573668695;-17.73879;-54.801157;63.342873
178;1.332043715;0.003888131;0.382753579;1.699510397;2.557181515;-23.888725;-49.870857;63.912984
179;1.272241753;0.006077849;0.365845189;1.700142983;2.592563361;-15.164393;-48.799529;68.035659
180;1.288048702;0.005332824;0.487433891;1.928498343;2.845557553;-39.992717;-4.088612;49.996792
181;1.289195772;0.001713492;0.507475947;1.881742441;3.086335655;-33.900082;-0.834221;51.992728
182;1.39898811;-0.012377945;0.481026839;1.756632973;3.001348129;-24.869486;7.113276;53.204968
183;1.324864206;0.003161852;0.484362268;1.900872083;2.766450564;-31.988478;-7.946447;52.175252
184;1.390115097;-0.008969478;0.448637902;1.806031435;3.066505306;-25.670702;-3.149593;52.953282
185;1.227504088;-0.021170349;0.437586386;1.729342245;2.950564856;-21.057258;3.392319;59.055617
186;1.355792232;0.002055742;0.42320547;1.813033674;2.873702501;-23.599591;-9.826518;56.773797
187;1.301751641;-0.004313383;0.538328304;1.858889645;3.204534241;-48.187075;5.45009;27.061485
188;1.328035512;-5.81703E-06;0.517689737;1.892132819;2.982070495;-45.268282;1.80758;37.318252
189;1.624869283;0.013203841;0.47071696;1.802946972;2.889318545;-48.595889;-37.660297;22.784847
190;1.32717807;-0.006620156;0.599164215;1.70105109;3.114080248;-54.896666;-43.387566;24.201975
191;1.307313863;0.014750045;0.613830109;1.776291155;3.074659718;-53.013207;-32.215837;23.307491
192;1.237735981;-0.000211404;0.592222444;1.760835286;3.320904919;-59.132554;-28.245806;23.898507
193;1.264688219;-0.014262992;0.559723784;1.677465892;3.157943555;-56.964092;-39.516587;29.609641
194;1.26470995;0.017841687;0.56003947;1.761354367;3.191158707;-58.719796;-20.342068;28.955494
195;1.206422471;-0.003662439;0.472901448;1.732386455;3.254432533;-59.011644;-26.090244;32.121703
196;1.191924797;-0.013390039;0.489446384;1.684544664;3.297538849;-59.179822;-32.930537;34.015676
197;1.392864302;-0.001826444;0.583775053;1.729370168;3.128693602;-50.880874;-53.97513;9.743238
198;0.955264872;-0.049678577;0.677284922;1.678671905;3.979675399;-38.219549;0.702864;-11.75048
199;1.359507077;-0.031527974;0.525557935;1.793016768;3.141577804;-35.125933;28.906962;-0.861755
200;1.058505547;-0.069761053;0.817629657;1.701866443;4.044482001;-38.910058;2.754175;-0.715746
201;1.130235703;-0.050812559;0.698136427;1.759208717;3.499412194;-40.667448;-12.478927;-3.515109
202;1.348225596;-0.051356309;0.603891367;1.745949632;3.208310331;-33.55682;19.470044;7.564106
203;1.229904065;-0.051521305;0.737241673;1.693063185;3.344170273;-35.962315;1.598995;9.574562
204;1.275932863;-0.033927233;0.690962338;1.733625361;3.465554735;-39.139252;9.910806;7.502706
205;1.173595356;-0.043945806;0.699769362;1.779056824;3.654672046;-45.720683;11.845144;2.659024
206;1.393374638;-0.042744196;0.594763995;1.769756165;3.102411778;-40.441545;-3.727656;13.796902
207;1.229571813;-0.036655133;0.651743211;1.835774356;3.477707666;-50.55287;-0.626095;6.314203
208;1.215280919;-0.019127128;0.605273111;1.798961867;3.379973124;-52.0053;9.821376;6.074004
209;1.200373417;-0.011612645;0.554257126;1.851424175;3.273652578;-54.341942;5.946395;16.355187
210;1.211168497;-0.018063392;0.56053516;1.732541334;3.101281006;-30.295134;43.56035;24.515893
211;1.220497011;-0.020185884;0.549657767;1.708713078;3.125944139;-27.169521;37.684814;33.466837
212;1.148507238;-0.054444506;0.650151253;1.620792692;3.726519139;-7.25942;24.660099;30.817464
213;1.098887718;-0.061366332;0.638314928;1.593001547;3.553383491;-6.36901;13.681375;34.162991
214;1.111290643;-0.051431124;0.656331711;1.606455613;3.317776987;-2.412189;-1.305798;37.181354
215;1.228558606;-0.04311665;0.6090721;1.667715261;3.423010809;-7.644706;1.495194;41.678126
216;1.505002072;-0.025745215;0.552554477;1.678518402;3.058850466;-10.649905;-30.295882;40.272346
217;1.190958288;-0.028778539;0.627933495;1.711007564;3.62539394;-6.827135;12.338713;43.501889
218;1.393347818;-0.020482282;0.528786005;1.712125874;3.082571328;-10.448365;-20.253414;39.7945
219;1.643302124;0.011955567;0.498410222;1.683498087;2.828058084;-12.263553;-38.947927;44.923085
220;1.393928763;-0.004313264;0.545576229;1.765913353;2.711890283;-12.462062;-27.623561;43.117067
221;1.206114519;-0.006391911;0.567980038;1.765969742;3.41804027;-6.285707;0.140622;51.661386
222;1.492312504;0.005891972;0.517573791;1.716029087;2.78428318;-10.407532;-44.937495;51.869873
223;1.372750685;0.010577815;0.525378668;1.780602611;2.560213433;-12.03278;-35.804659;49.070844
224;1.374204453;0.00549197;0.518137424;1.688082256;3.015271514;-6.608992;-51.042414;57.883459
225;1.185809466;-0.011703339;0.474100935;1.730012276;3.447907701;-4.964474;2.874476;62.382139
226;1.403503417;0.001589779;0.457299358;1.706901002;2.425554678;-11.159759;-45.899252;57.813823
227;1.244553966;-0.016679512;0.395891347;1.69782398;3.127381251;-16.966206;0.129543;66.793599
228;1.188879919;0.001039335;0.41456929;1.738018263;3.180986894;-9.262436;-5.065741;68.265691
229;1.180342722;-0.058365124;0.581244828;1.698264362;4.184967351;-18.709309;11.637055;-20.944468
230;1.207289353;-0.057028754;0.598113301;1.57942316;3.302860253;-12.489043;21.008122;-20.311111
231;1.164266656;-0.057160116;0.531084562;1.772222026;4.041018587;-23.979565;13.018328;-20.761138
232;1.223077655;-0.047290747;0.569487022;1.61109447;2.810109979;-8.805111;37.99067;-22.528518
233;1.336407695;-0.036791461;0.47551781;1.691142779;3.246395902;-16.623954;40.905873;-20.785459
234;1.307367223;-0.021641401;0.522087108;1.747175917;3.535672002;-23.309994;28.579111;-17.150888
235;1.095355186;-0.062950927;0.631417478;1.521696919;3.449263302;-5.247776;15.819939;-19.714727
236;1.232156992;-0.053574475;0.647908643;1.604180182;3.544253889;-3.609183;36.206586;-22.201555
237;1.305390845;-0.038372633;0.480645065;1.610842674;3.527968234;-9.535824;53.404093;-20.804498
238;0.94380746;-0.075319807;0.745119063;1.036082455;3.683222095;-3.468061;12.902575;-10.851091
239;1.197529605;-0.022652958;0.425698895;1.643430056;3.606881305;-9.149891;63.319482;-11.42038
240;1.172669763;-0.024643604;0.523524446;1.68644223;3.297012262;-21.260464;60.213346;-6.384503
241;1.12990799;-0.074213993;0.483535948;1.534215109;4.277053544;-30.164012;-2.482821;-41.67149
242;1.134630562;-0.052136684;0.513023299;1.568631351;4.053079771;-43.196462;-3.10965;-40.33174
243;1.14291905;-0.07195075;0.533357033;1.47557182;4.085943836;-32.241948;8.317173;-40.516229
244;1.067554276;-0.069917563;0.478897774;1.600241484;3.933998123;-30.847967;-10.94043;-32.730465
245;1.216447243;-0.065905235;0.547408814;1.620675588;3.589972736;-39.136858;-13.389191;-30.858648
246;0.930290789;-0.08633334;0.43206159;1.388751601;4.783950465;-22.164289;2.001629;-35.232202
247;1.248992224;-0.044131994;0.51801369;1.644397748;3.717340007;-49.511409;-19.185705;-31.317573
248;0.850933572;-0.078225622;0.279012153;1.685727976;3.650970769;-19.687146;-9.310773;-29.935544
249;1.157124536;-0.073102841;0.544061235;1.612337184;3.824346115;-38.624347;-20.867607;-25.383326
250;0.976404677;-0.076976034;0.464638801;1.451846152;4.52527622;-28.323612;8.982237;-30.393031
251;1.325033487;-0.048494221;0.544826749;1.641607545;3.554500019;-43.13475;-28.666923;-21.806031
252;0.989531587;-0.049575587;0.212695552;1.845193645;3.049009044;-22.939948;-21.486326;-25.362766
253;1.218766765;-0.083502037;0.485009626;1.551743127;4.059114274;-42.953284;15.373588;-29.153771
254;1.11467704;-0.052805361;0.530753876;1.620155541;3.668962634;-33.3634;-25.033311;-23.36774
255;1.272467729;-0.035875106;0.536939868;1.620167708;3.66766426;-54.923817;-34.080465;-23.139595
256;0.941459666;-0.080797296;0.518432175;1.598300298;3.998160678;-38.154573;9.044485;-23.799798
257;0.957176363;-0.079269341;0.515188531;1.635256211;3.229673673;-45.29059;3.351402;-14.503999
258;1.178012077;-0.006367631;0.39902601;1.651827495;3.279321158;-56.791574;-41.134042;38.955118
259;1.254263452;-0.001145403;0.479543361;1.642897803;3.169881554;-51.256867;-49.772208;41.371166
260;1.341107823;0.014148617;0.410961396;1.731755864;2.833133556;-31.654674;-65.748389;43.5324
261;1.123565358;-0.005404271;0.353347044;1.653808513;3.209156219;-52.538604;-42.265782;45.740993
262;1.418920201;0.012809997;0.46686238;1.747307535;2.795466426;-36.1074;-58.347747;43.671744
263;1.341995328;0.014092313;0.497876622;1.682013014;3.054372413;-45.628006;-47.378246;47.74931
264;1.386988667;0.015218682;0.517371445;1.729906427;2.957738601;-40.644159;-52.478926;44.994675
265;1.345506004;-0.004630203;0.525699624;1.706759162;2.953997494;-47.358056;-39.767519;45.042384
266;1.442258077;0.018598261;0.50827362;1.796903462;2.765319693;-28.961069;-60.825928;46.28465
267;1.471924966;0.008623188;0.527658732;1.735965336;2.794635868;-41.194702;-44.085243;42.961964
268;1.650360196;0.019899787;0.504728638;1.787902121;2.751077676;-31.585256;-55.663298;43.52722
269;1.699837876;0.013580392;0.475440217;1.778566287;2.721647089;-35.514523;-48.934108;41.045469
270;1.351150917;-0.028906688;0.530629065;1.601935241;3.702249848;-56.632;-42.211594;-18.673938
271;1.375435874;-0.02185733;0.532054576;1.60805999;3.591944772;-57.787512;-47.108966;-11.399247
272;1.411077029;-0.015961557;0.540970558;1.60551096;3.630171291;-59.163222;-51.512259;-2.749043
273;1.298715945;-0.002526052;0.509094448;1.81195112;3.140350705;-30.188827;5.013628;56.133133
274;1.334540535;-0.01330233;0.405532466;1.676018806;3.227508687;-18.253651;13.327828;61.070714
275;1.217876218;-0.009606125;0.55953075;1.762239777;3.191913794;-41.024292;46.892028;-1.066185
276;1.208880297;-0.009655713;0.590682221;1.796365798;3.050610606;-42.742145;39.981284;6.753182
277;1.201311704;-0.009380098;0.561181158;1.754356103;3.039785901;-28.269421;52.055732;12.084255
278;1.217708104;0.008656549;0.553612409;1.860614671;3.004475892;-45.254556;32.246269;12.485787
279;1.214677107;-0.012047645;0.570132241;1.773946159;3.158645043;-36.906882;47.439809;12.636892
280;1.241617548;-0.03609248;0.590177064;1.829709174;3.382501298;-51.39723;15.430177;11.519733
281;1.248582624;-0.008063375;0.553498975;1.788570754;3.063081963;-39.893458;36.839247;16.863675
282;1.302365902;-0.001046868;0.536159353;1.856760176;3.134561981;-47.783127;10.937173;19.487844
283;1.330913563;0.004564198;0.532032581;1.90053941;2.957980325;-44.428267;21.748359;21.392693
284;1.193056852;-0.011367534;0.573945364;1.763019156;3.183015103;-39.674948;35.382016;26.078427
285;1.321375628;0.003362976;0.51902545;1.85495118;2.998618375;-41.831746;25.286383;26.227102
286;1.628839778;-0.003603562;0.433528068;1.886722608;2.999560531;-39.61938;11.595924;27.950363
287;1.242603225;-0.019534589;0.553521889;1.732440434;3.126472;-35.750454;30.932063;33.814294
288;1.258263583;0.007565701;0.525268716;1.83255476;3.039817943;-41.498144;18.944789;34.112615
289;1.477798853;-0.008480366;0.471482182;1.862711526;3.066921373;-39.524197;7.240517;33.451256
290;1.308669783;-0.028782795;0.522662582;1.657787222;3.502344134;-24.593155;48.068118;-13.544473
291;1.013644892;-0.055237695;0.690655018;1.633164758;4.4291273;-32.733235;13.341464;-11.178164
292;1.171123691;-0.045283383;0.668081995;1.71421736;3.934987347;-32.640522;21.368601;-2.808707
293;1.567985341;0.052498361;0.519288932;1.860329389;2.773778355;-8.758218;-70.345965;38.055924
294;1.511124881;0.022755521;0.392477315;1.804547677;2.729476133;-9.481692;-72.169701;45.507355
295;1.536291626;0.024745093;0.527042296;1.749047154;3.001078597;-5.398372;-66.532193;47.722241
296;1.714399933;0.038934016;0.268157666;1.809346754;2.822327206;-5.838286;-34.458865;25.927936
297;1.047462161;-0.060206538;0.471071729;1.151828831;3.137139153;-3.302354;11.638241;26.871263
298;1.531421671;0.019064665;0.295455844;1.790203324;3.034900391;-4.561279;-23.762334;28.326545
299;1.220182212;-0.056561449;0.411850887;1.294970633;2.883835144;-3.28657;-2.187618;30.632064
300;1.469594466;-0.020373829;0.313905205;1.492070621;2.881210985;-3.792821;-13.123799;29.914609
301;1.235843764;-0.022374553;0.553935645;1.684614078;3.653450061;-5.208862;23.976203;46.174488
302;1.241423983;-0.017266636;0.530293387;1.722993858;3.34825267;-6.113846;10.72622;52.857322
303;1.289631089;-0.0512362;0.543847186;1.590337362;3.854127764;-48.796318;2.317474;-32.227666
304;1.324800508;-0.039358915;0.549848155;1.650787504;3.674542338;-55.715768;-17.316782;-26.006682
305;1.391931045;-0.037339052;0.54034648;1.676572859;3.608027404;-59.326734;-28.180939;-16.834041
306;1.202014255;-0.051142692;0.549627015;1.690910639;3.650928328;-51.905942;5.893781;-16.825408
307;1.213111117;-0.044744866;0.583983234;1.677181833;3.382902942;-50.601765;-2.718559;-19.556537
308;1.379163625;-0.030862755;0.581701749;1.684336592;3.682258027;-57.702334;-11.624037;-16.517322
309;1.387551489;-0.029154055;0.627297649;1.710651293;3.584754351;-60.327355;-27.064455;-9.187049
310;1.238805384;-0.038434464;0.586014344;1.753032713;3.38723623;-53.164484;-6.522434;-10.480816
311;1.343741713;-0.030603923;0.567274109;1.730834108;3.246950222;-51.529928;-15.924632;-9.962895
312;1.430142231;-0.016765106;0.611751773;1.670424646;3.523597522;-59.597971;-39.240219;-3.38151
313;1.438446353;-0.02279347;0.542864554;1.747015549;3.115782593;-52.271276;-25.349553;-4.934146
314;1.332238576;-0.011218377;0.574409669;1.844429627;3.436135403;-58.132174;-15.215579;-3.186403
315;1.52099504;0.001691762;0.520451318;1.733172717;3.119150919;-52.220713;-36.294195;0.866026
316;1.367506226;-0.01448454;0.560106654;1.648130451;3.418618473;-57.274834;-51.276761;3.457419
317;1.3943285;0.005977994;0.569601702;1.851299532;3.400353039;-61.087598;-28.257115;3.974592
318;1.498608515;0.003763227;0.524005514;1.750859561;3.092432035;-52.45559;-44.851131;7.056375
319;1.421387849;0.010980441;0.557114252;1.696845175;3.10370445;-46.15455;-58.713906;16.343197
320;1.683490369;-0.002971721;0.469087358;1.715242884;3.107999914;-49.525115;-52.700021;16.226668
321;1.344231909;-0.002788494;0.574731967;1.738801266;3.283835709;-57.234607;-48.21926;17.143671
322;1.501842471;0.003493992;0.537557482;1.657182713;3.092256225;-44.735457;-64.285049;21.781026
323;1.653367874;-0.004520247;0.494969849;1.661158688;3.114388259;-46.670214;-57.614291;23.294588
324;1.384770391;-0.018033165;0.605517357;1.671696725;3.200172927;-52.370036;-54.385899;22.845375
325;1.326367457;0.013442964;0.492156083;1.633913194;3.144712624;-44.069847;-69.165686;31.750221
326;1.277479058;0.003357749;0.478041363;1.645270427;3.352891169;-56.173954;-49.722937;29.149211
327;1.408567967;-0.007711848;0.568323833;1.642618689;3.10916619;-46.110721;-61.806206;31.612009
328;1.292811808;-0.000289902;0.537358787;1.644142742;3.134061812;-50.274669;-56.631524;32.007955
329;1.376244898;0.010469773;0.400365623;1.669139535;3.078575158;-36.30341;-71.985896;42.037334
330;1.320710709;0.000272027;0.406442926;1.665446817;3.137638684;-42.830616;-63.546319;43.433868
331;1.230866028;-0.000272238;0.388969728;1.658950203;3.121109052;-47.020969;-56.061726;43.778751
332;1.216781191;-0.017359918;0.557657649;1.751513392;3.582584415;-33.306586;21.602067;-14.980523
333;1.337349971;-0.000136818;0.543738551;1.791393098;3.155234319;-33.75052;36.111899;-12.268744
334;1.313023314;-0.025613062;0.515673396;1.703503923;3.499518522;-38.318394;48.006612;-11.579047
335;1.234399008;-0.037005436;0.603768401;1.641785866;3.458601209;-6.009968;53.412885;-9.170443
336;1.110081136;-0.0723294;0.620669131;1.465657068;3.754800405;-5.848785;34.353094;-9.154672
337;1.360689228;-0.013815644;0.516144314;1.777607178;3.257529934;-45.817791;32.981906;-8.835936
338;1.17933814;-0.006484062;0.579162404;1.737093199;3.177521854;-28.829785;55.42306;1.128433
339;1.342387276;-0.034473528;0.59143736;1.8669574;3.018476012;-43.686088;27.32912;1.69594
340;1.327659705;0.002251356;0.53755936;1.843700701;3.162692215;-49.196355;33.50642;0.5883
341;1.122175199;-0.025383225;0.430820516;1.693173916;3.365683184;-10.286751;65.455478;4.389126
342;1.233347016;-0.038632512;0.593290642;1.633400828;3.549576187;-7.787921;55.626286;8.049745
343;1.116559814;-0.062004359;0.64467528;1.534158896;4.032175581;-7.179294;44.266694;6.551776
344;1.273131322;-0.006472753;0.560838044;1.858411601;3.237577497;-49.507752;23.090643;8.706481
345;1.109677165;-0.022069266;0.470497455;1.729172579;3.061647106;-19.829304;60.764014;10.355562
346;0.918725957;-0.068413631;0.575350401;1.127082531;4.127927164;-4.151053;35.325958;13.286021
347;1.175022143;-0.034547143;0.493212398;1.636757426;3.438030891;-6.75566;57.680667;20.76024
348;1.206152875;-0.046633228;0.640067133;1.637342931;3.6418408;-8.155007;46.286366;20.426893
349;1.179951893;-0.016495842;0.525500146;1.710015192;2.992249435;-22.938383;52.664036;19.747444
350;1.014636006;-0.068747404;0.53851882;1.148245546;3.633066655;-3.581646;25.135755;20.815124
351;1.132890869;-0.018178115;0.468485592;1.678785739;2.968020766;-16.007691;57.329517;23.628155
352;1.13818379;-0.061796954;0.652762133;1.608497368;3.838094161;-7.903237;35.324513;23.575444
353;1.193748223;-0.024759043;0.540133054;1.699613777;2.996110881;-22.545117;47.075477;27.410182
354;1.182106171;-0.021336243;0.351747639;1.646164143;3.395702529;-6.109553;51.594108;36.025957
355;1.189283048;-0.045506396;0.574934744;1.660203836;3.689226673;-5.642833;38.860218;34.774349
356;1.132121499;-0.037089394;0.440301345;1.657861643;3.065224122;-15.484424;47.67723;36.097958
357;1.216191075;-0.027620689;0.524740415;1.690645611;3.034547067;-22.051182;38.460877;34.955025
358;1.198131209;-0.017202146;0.568536682;1.707637897;3.200066811;-29.9693;28.635265;40.888723
359;1.208879969;-0.003800233;0.489769748;1.752992353;3.143175293;-37.385793;21.390549;42.086059
360;1.208917305;0.005102741;0.509928518;1.828220657;3.08502987;-40.431682;11.455377;41.345823
361;1.357847627;-0.013752167;0.504971387;1.713994835;3.090521546;-24.712426;27.72708;39.94493
362;1.224903558;-0.022348195;0.397741654;1.658043925;3.273055761;-11.532746;39.028768;48.367792
363;1.197864686;-0.023087149;0.412215093;1.668981941;3.520979874;-4.632159;34.213043;50.367312
364;1.253102947;-0.001647337;0.481902201;1.847593462;3.07733803;-39.930189;4.314062;47.159629
365;1.265732488;-0.002571936;0.393867526;1.796337183;3.160478594;-36.213619;12.116464;51.449737
366;1.267519154;-0.020093086;0.485973053;1.693343469;3.107009615;-19.310947;29.513926;46.21475
367;1.283836831;-0.013909486;0.502015773;1.761991506;3.165875052;-28.928347;17.431097;49.882832
368;1.323445224;-0.0101578;0.476615298;1.730728148;3.010592098;-22.540667;16.50235;49.44332
369;1.276010685;-0.010289865;0.440925469;1.654977051;3.330658064;-10.963508;23.137627;58.634592
370;1.224129843;-0.015614954;0.460240522;1.685878346;3.522216759;-4.851496;14.432067;60.141997
371;1.267691644;-0.011786815;0.432582547;1.672373093;3.248277488;-10.750482;7.526657;66.270045
372;1.670443214;0.013803668;0.409054668;1.796351053;3.531670544;-8.664886;-51.933841;7.110815
373;1.637094251;-0.003754226;0.252401493;1.404299425;3.377888367;-5.892552;-46.61071;13.73432
374;1.686814215;0.008980903;0.559619238;1.873787172;3.472486085;-10.742479;-58.18225;13.593924
375;1.628057351;9.17138E-05;0.484424517;1.876900497;3.633619487;-4.210268;-51.057777;17.088857
376;1.630041601;0.020835812;0.336819709;1.691319482;3.138836972;-5.900723;-42.463209;22.382751
377;1.590029371;0.021244661;0.635900622;1.867505424;3.489510732;-4.630647;-61.169468;20.943211
378;1.692810965;0.026617116;0.591085524;1.88894202;3.123692937;-10.925093;-64.777979;23.951781
379;1.569416029;0.003730251;0.597433216;1.889059512;3.676902831;-5.373682;-51.273444;25.85382
380;1.560224322;0.021775817;0.606787889;1.993222236;3.600929182;-2.91961;-41.613638;28.689283
381;1.690779541;0.038453307;0.551916247;1.883184557;2.852663093;-11.717256;-67.414002;29.62715
382;1.59523333;-0.010321634;0.63421314;1.820475974;3.280883045;-5.597075;-58.594042;29.471481
383;1.632185302;-0.005707126;0.502144786;2.029003853;3.392918516;-2.287886;-32.842281;29.541612
384;1.631951574;0.032737837;0.604927965;1.869019535;3.272776249;-4.516919;-66.755923;29.938638
385;1.738303897;-0.012602938;0.507088634;1.7783222;3.264079969;-9.916129;-48.425272;32.944852
386;1.506966885;-0.001912274;0.635612882;1.802849863;3.964798014;-4.945893;-37.49283;34.720237
387;1.52565855;-0.000582855;0.618430413;1.841544351;3.970285635;-2.408978;-28.067957;36.333676
388;1.372836164;-0.024452561;0.623563773;1.768308465;3.429222051;-2.140387;-15.993277;36.798564
389;1.609773435;0.005113315;0.608932754;1.78848922;3.243321265;-6.706419;-57.000989;36.873616
390;1.527111334;0.01088362;0.617323146;1.726445822;3.435376725;-7.738752;-41.762802;38.601407
391;1.580479121;0.020067049;0.593215731;1.808641819;3.173479391;-4.359558;-65.83475;40.411297
392;1.390889899;-0.028196411;0.707799726;1.711685253;3.982531355;-4.426909;-23.919921;41.015495
393;1.41220578;-0.000695941;0.700610788;1.720885307;3.909443094;-4.445733;-32.736151;41.905342
394;1.589959624;-0.018707225;0.57514629;1.744336137;3.095353199;-9.126935;-49.408604;41.430166
395;1.444712507;-0.006996909;0.667160688;1.713006779;3.583416763;-6.02586;-42.766264;44.349814
396;1.55652343;0.005775886;0.59339582;1.757104493;3.133647776;-6.07236;-57.037938;45.615006
397;1.506711131;0.008352195;0.599350813;1.744197093;3.329277904;-6.096218;-49.894204;49.222869
398;1.48725591;0.004892225;0.561684791;1.72111414;3.103073499;-5.915184;-57.188155;51.482648
399;0.663774654;-0.064144579;0.186303956;1.995645387;2.640233573;-18.767226;-29.325978;-18.01588
400;1.230397321;-0.045069807;0.526373116;1.817076241;3.765926006;33.783498;-34.103384;-22.498319
401;1.111996242;-0.066741329;0.534097825;1.663147446;3.321987524;33.518975;-26.088127;-22.393346
402;1.254916709;-0.008329127;0.507865273;1.919098721;3.67609774;36.096958;-50.229437;-18.174522
403;1.346972862;-0.015491039;0.573347354;1.949124932;3.311593085;29.039195;-46.746385;-12.227139
404;1.259193946;-0.054230134;0.51649182;1.788521051;2.895669799;30.683288;-36.505577;-13.500445
405;1.285757602;-0.012130649;0.550518758;1.864659291;3.299639343;42.733454;-61.307262;-13.335839
406;1.364232463;0.002020731;0.487772201;1.979585615;3.413001357;33.66609;-68.466008;-13.798764
407;1.58854371;0.013422078;0.47486997;2.017608341;3.078995331;27.393964;-64.593539;-9.429102
408;1.143746014;-0.042244715;0.384932839;1.993497933;3.321642448;20.671294;-33.378631;-14.368678
409;1.349784109;0.049562065;0.463364546;1.96306286;3.12679641;33.296839;-77.99734;-12.80025
410;1.581832382;0.049310427;0.45426978;2.04746485;2.894143946;22.736645;-77.386991;-9.983662
411;1.613455515;0.026348827;0.482891359;2.019194016;2.939102834;25.289217;-57.907706;-6.993204
412;1.39989486;0.034477034;0.503939686;2.009467336;3.188255336;22.886106;-45.32993;-9.025125
413;1.307373886;0.033853898;0.404372854;1.884468989;3.290455404;42.20091;-73.436706;-10.376301
414;1.614804673;0.093262426;0.446525704;2.131698423;2.871007825;15.861698;-72.864122;-6.659361
415;1.54487721;0.057319125;0.414688708;2.055686778;2.514458286;19.372918;-86.986979;-9.434063
416;1.385302317;0.058263633;0.344204569;2.121035715;2.603463091;11.181816;-82.742298;-9.232098
417;1.326242045;0.054892315;0.273434312;1.973819223;2.959485675;32.498624;-86.955781;-11.684891
418;1.140273178;-0.022912936;0.308467596;2.254427678;2.861524632;16.490931;-35.865735;-9.068266
419;1.370291778;0.00268108;0.322384452;2.202155478;3.017118143;15.231447;-48.441883;-6.593281
420;1.590391285;0.061122544;0.414759324;2.225028879;3.013766283;13.432137;-59.221234;-2.885626
421;1.592601815;0.073022004;0.413164244;2.208312703;2.493293031;8.076943;-71.914861;-0.13395
422;1.268264608;0.0678687;0.334394471;2.105714151;2.357869056;16.331184;-93.913479;-10.08545
423;1.386266478;0.031727314;0.353790161;1.923946749;3.237965087;44.349387;-77.649628;-4.3341
424;1.291326118;0.064261174;0.325047808;2.154848425;2.366314024;8.095019;-89.07914;-8.137741
425;1.345166587;0.071610354;0.284876586;2.086019641;2.473460238;24.138688;-94.918342;-8.389342
426;1.629776813;0.006129655;0.472949086;2.320863463;2.599774454;14.355777;-53.953628;1.474811
427;1.63817102;0.062830339;0.359708061;1.994034977;2.746222025;33.916497;-88.456948;-2.495661
428;1.444721016;-0.005539961;0.36264204;2.141808806;2.577821614;17.859336;-44.813648;-2.589087
429;1.528180766;0.078784352;0.469533586;2.264545433;2.297966804;4.437227;-79.288319;1.888043
430;1.610226581;-0.000681141;0.519453628;1.99538542;2.871741609;45.217097;-65.891251;3.590107
431;1.64355362;0.059034595;0.500071022;2.33715986;2.211245003;10.37862;-64.275662;6.548834
432;1.488282625;0.057953024;0.320065378;1.937212793;2.967689279;40.652289;-81.155245;1.955802
433;1.680374352;-0.010460362;0.26819269;1.852101436;2.63379656;12.738547;-42.555603;1.703871
434;1.546535418;0.078354108;0.426987833;2.14734542;2.136145802;14.365757;-93.664875;0.346468
435;1.375978913;0.009442325;0.448350525;1.971941537;3.117928655;46.982594;-72.201461;7.173865
436;1.698705269;0.080172384;0.513779076;2.19735382;2.220637077;11.277736;-86.723546;3.382993
437;1.565481425;0.063184935;0.345823033;2.077061854;2.415227781;26.311685;-95.551529;3.672483
438;1.254867697;0.070337522;0.237557218;2.143556679;2.365987802;17.020525;-99.792188;3.214876
439;1.794473839;0.070585375;0.503162477;2.277387112;2.310311486;12.58257;-77.465987;8.467076
440;1.918593328;0.069914129;0.365586893;2.162215915;2.467632695;22.945631;-58.647833;5.243813
441;1.717877283;0.006927369;0.4711783;2.328961742;2.367779796;15.730438;-69.35972;9.593568
442;1.582511647;0.053820043;0.42227089;1.981987221;2.665030384;32.422966;-86.374059;8.305594
443;1.724046505;0.082005434;0.520427483;2.219846754;2.261351705;6.318524;-86.113598;9.313103
444;1.451248823;0.063439506;0.312287225;2.078649381;2.426588537;19.250468;-95.468478;12.737607
445;1.873197217;0.048401348;0.473528035;2.130171388;2.896574487;20.647001;-59.137696;11.138907
446;1.449151542;0.032461881;0.5234503;1.85319792;3.022932509;45.303236;-66.912532;15.217222
447;1.770163396;0.065463763;0.561759325;2.325707411;2.29737401;7.849797;-72.58583;14.085818
448;1.474935142;0.023868286;0.450696952;1.856417154;3.071745385;41.433716;-77.224829;13.280441
449;1.595982648;0.060339643;0.388746359;2.114687887;2.33094459;8.643432;-91.552345;14.546272
450;1.882999082;0.012814142;0.492030857;2.170866306;2.625454103;18.757644;-63.655293;16.327905
451;1.645407319;0.052452134;0.411762058;2.048269881;2.636502475;27.797299;-87.255685;18.335786
452;1.783420195;0.056382497;0.499984885;2.139018325;2.509252742;6.153781;-80.134636;22.385917
453;1.492502111;0.033825102;0.473315428;1.921529734;2.898146115;34.393993;-80.780974;18.314322
454;1.637808196;0.049149107;0.374976861;2.06685912;2.464291165;17.229219;-89.119468;22.794949
455;1.753984165;0.046886008;0.524277568;2.198497638;2.456720048;13.046741;-70.529341;22.352371
456;1.612508501;0.057433621;0.320753625;2.063606186;2.625304252;10.153265;-84.94065;31.083093
457;1.988437548;0.029071275;0.478823515;2.025269622;2.923521163;19.556938;-62.727645;25.167857
458;1.3821757;0.007346575;0.494607016;1.856737751;3.078465825;36.980891;-77.048845;27.327372
459;1.662548949;0.027712668;0.485652508;1.932957362;2.734893833;32.726279;-74.600222;22.646126
460;1.783443532;0.025554765;0.472043485;2.109780424;2.492267398;14.884939;-76.197919;31.634019
461;1.580088442;0.056245011;0.478311613;2.060980616;2.603917995;27.946396;-79.58164;26.430251
462;1.717338382;0.030930679;0.473011525;2.025003011;2.673595967;18.187713;-67.509282;32.355547
463;1.477763817;0.0402599;0.288834882;2.063461197;2.645718652;21.807631;-83.208895;36.627372
464;1.64932045;0.037351202;0.391236196;2.040237684;2.504847288;18.475967;-76.95366;39.483744
465;1.407253159;0.015941716;0.468633921;1.957997681;2.623466727;26.028184;-72.804704;41.313334
466;1.395883191;0.023378213;0.270434703;1.927032005;2.678677656;18.654624;-73.77295;46.36311
467;1.260692284;-0.044611079;0.566575128;1.73441663;3.553102668;54.915851;1.811301;-3.382251
468;1.370590115;-0.034759481;0.562519235;1.731934229;3.590757721;59.356338;-5.585154;-5.672738
469;1.14080278;-0.022868189;0.579924254;1.662750801;2.753588277;47.515605;-4.876484;-7.273777
470;1.376184005;-0.016480417;0.609873072;1.767931174;3.29942392;57.325236;-16.219297;-3.253313
471;1.474449348;-0.017698917;0.577172714;1.792311697;3.213887548;52.403072;-28.000968;0.83627
472;1.47112318;0.0072089;0.481005798;1.855268618;3.600490121;64.064635;-19.086294;2.25207
473;1.37617895;0.018149598;0.610853377;2.035673074;3.262421818;56.524017;-12.855904;4.836332
474;1.418830154;-0.003029295;0.570440477;1.906771657;2.712715331;42.749944;-17.427021;0.43878
475;1.39394921;0.014928604;0.515369144;1.858914968;3.444339121;62.739773;-28.68621;5.143918
476;1.443400736;0.011611136;0.603778303;1.854594045;3.192124303;54.166065;-34.94706;7.24265
477;1.25231734;-0.033498019;0.702792486;1.723807288;3.811330892;38.301115;-7.004226;9.849479
478;1.418571469;0.045165249;0.642655064;2.254534591;3.084996393;42.037642;-21.104906;8.958381
479;1.518868345;-0.001971146;0.580008416;1.919016449;3.226481458;36.511525;-19.51713;9.15093
480;1.5020411;0.009474333;0.626066465;2.155066877;3.183897628;49.747017;-23.037124;9.854257
481;1.269031702;-0.046118778;0.610354265;1.666093854;3.038855904;40.684098;0.835874;13.270465
482;1.430117812;0.011632469;0.594739602;1.928067018;3.22544951;60.221166;-27.175196;11.934644
483;1.515941643;-0.021610829;0.554927947;1.795431371;3.090228212;37.63726;-9.654698;16.606379
484;1.4039846;0.000947872;0.503028486;1.838745378;3.383810981;60.854219;-37.141523;13.668943
485;1.731142793;0.008124852;0.514945215;1.902869035;3.038271168;35.568787;-20.046934;17.81539
486;1.400988194;0.009034322;0.597333491;1.827559276;3.258352552;43.068876;-12.565153;17.671855
487;1.647204788;0.012984496;0.541184097;2.052677817;2.739608685;42.61277;-29.662291;16.263409
488;1.301654428;-0.000203154;0.648742182;1.765696442;3.378554002;50.509626;-9.844202;13.43565
489;1.610959132;0.03061625;0.554586977;1.927087156;3.250851765;41.237889;-26.182738;20.1224
490;1.317943747;-0.002489135;0.533558005;1.761552294;3.290714842;58.84397;-1.099565;11.705524
491;1.440691414;0.058994802;0.619173485;1.846155694;3.498583426;48.811598;-20.936607;18.800343
492;1.694066237;0.020335973;0.504801412;1.830592755;2.886233634;49.829881;-30.411344;24.335275
493;1.290023013;0.018745135;0.562700933;1.745426813;3.412071746;59.255351;-12.723741;15.896657
494;1.227479125;0.028623487;0.471123286;1.886630416;2.978037061;60.440751;-1.800731;18.322586
495;1.065171785;0.017270479;0.293271751;1.863929793;3.003344463;64.140398;-7.862393;24.705616
496;1.17385737;-0.012881297;0.396771652;1.880867765;3.431535081;59.176583;2.50143;28.238898
497;1.30919316;0.041929741;0.507409231;1.992717372;2.226555138;55.12163;-6.199026;25.345316
498;1.078413623;-7.80653E-05;0.315032232;1.910465282;2.662763189;59.524031;-9.506232;36.341761
499;1.306625422;0.014904855;0.450682037;2.050849565;2.979600745;50.106631;-6.52975;35.550557
500;1.325172472;0.035844761;0.495828073;2.037150509;1.825751954;50.180711;-11.851397;35.556971
501;1.253941435;0.01867936;0.459314807;1.839154097;2.749688947;55.286175;-16.465507;40.618489
502;1.207708657;-0.043054117;0.59653197;1.670084988;3.593131092;6.58898;-2.610227;41.845616
503;1.399412629;-0.019514183;0.523632297;1.70269032;3.538500683;7.762814;-13.592337;41.379831
504;1.264045831;0.037866878;0.383354617;2.097151248;2.147291685;48.873087;-14.573252;46.969604
505;1.213862525;0.04300152;0.394235162;1.90495948;2.601479329;51.06039;-20.105707;47.460564
506;1.383696598;-0.014970097;0.508487015;1.810515032;2.932079464;12.225893;-17.413043;42.498302
507;1.587981242;0.047116645;0.375931301;2.093908556;2.245780286;39.573527;-15.362339;37.819595
508;1.239914899;-0.015417079;0.548484601;1.783019366;3.263297797;9.329781;-7.435186;45.430833
509;1.326591954;0.000369275;0.436112675;2.089990115;2.942378797;43.800123;-9.590438;47.458728
510;1.171807965;0.032309388;0.354566734;1.944166022;2.590327915;46.086312;-26.921696;52.68099
511;1.29368426;0.053352374;0.271810176;2.114000628;2.293006051;45.569054;-21.632729;56.873266
512;1.230350594;-0.007678697;0.53988508;1.761201298;3.417806267;7.329847;0.393321;52.206435
513;1.317333276;-0.004313264;0.557007072;1.912377612;2.921786201;10.53292;-24.201326;46.685434
514;1.450671045;0.059337723;0.435956088;2.129859939;2.093023802;38.726246;-20.212344;46.354495
515;1.20846389;-0.00069534;0.560922162;1.925834144;3.271930807;7.753362;-12.164501;50.720869
516;1.348958922;0.048347736;0.406421589;2.234325148;2.962360184;38.354188;-17.328127;52.814918
517;1.575640032;0.023194696;0.414761496;1.914911603;2.460661415;33.059137;-36.43769;53.149347
518;1.330832047;0.031083293;0.369636791;1.997422723;2.511044885;38.549068;-32.581225;57.613329
519;1.303421696;0.032298322;0.513333698;1.929431488;2.803403778;9.130265;-33.03439;51.390293
520;1.319570105;0.033060715;0.353655042;1.851315628;2.595942599;31.25874;-41.083204;58.902942
521;1.468087475;0.043496525;0.367104633;2.157319143;1.996537144;34.795814;-27.395804;57.257076
522;1.423867;0.026617667;0.268345498;2.077348892;3.148439628;36.747951;-14.573634;63.369081
523;1.247492524;0.003117183;0.467507772;2.05222877;3.210022987;5.375597;-20.080353;56.558809
524;1.370282629;0.048303723;0.36527359;2.008051052;2.335227744;29.902532;-33.773924;62.584968
525;1.407514586;0.042434917;0.369348609;2.281980882;2.794694963;29.565683;-23.553656;56.877735
526;1.261162188;0.007935259;0.43907392;1.847878718;2.835900959;25.644012;-11.55405;62.727681
527;1.289180188;0.04310098;0.413150124;1.891348427;2.46090427;10.272986;-41.245129;62.528416
528;1.336980165;0.016361574;0.293782088;2.124681685;3.046550111;27.791645;-18.52229;68.7386
529;1.352577589;0.00483853;0.434660455;1.839180581;2.443643973;25.305701;-40.187766;61.847418
530;1.259030769;0.030119969;0.406416362;2.092072573;2.837935855;5.106545;-31.082359;59.831094
531;1.326314707;0.042735492;0.345741627;2.153932357;1.822680527;22.569161;-29.712939;62.227483
532;1.179537559;-0.002879354;0.399946688;1.769978147;2.990346783;16.524247;-8.021518;68.402859
533;1.313684497;0.02901393;0.34815324;2.227029037;2.708606977;20.085817;-25.243175;63.397413
534;1.345223058;0.034725505;0.352881214;1.952405661;2.154459621;22.708473;-34.653917;67.64204
535;1.217348143;-0.001400179;0.374602381;1.999664837;2.735169518;17.143794;-16.268694;70.527699
536;1.225604189;0.003369093;0.344383528;1.798210172;2.422725801;20.027678;-42.882158;67.395329
537;1.247227984;0.010078924;0.374851749;2.087178509;3.006146994;7.106239;-18.500617;70.221743
538;1.40878609;0.057404918;0.343945745;1.895747789;2.453592834;11.335228;-40.946146;72.418258
539;1.333093596;0.053660014;0.373511206;2.125325599;2.591828311;4.450704;-33.331492;69.521247
540;1.297719991;0.062687553;0.348479572;2.130076398;1.759685708;13.388782;-33.091879;68.927643
541;1.257194914;0.040914718;0.349405761;2.21712075;2.621632726;12.556284;-27.375689;69.975432
542;1.50262911;0.03987081;0.234927183;2.00726109;2.134828771;14.381368;-34.799337;75.109584
543;1.292253518;-0.030800061;0.53500414;1.746631515;3.628587337;46.870436;-35.656917;-21.630103
544;1.363628695;-0.02882567;0.536085744;1.761890877;3.440645362;47.717988;-45.783854;-16.937331
545;1.404952369;-0.015031243;0.532395398;1.785527998;3.345272785;47.254911;-57.592573;-10.348902
546;1.351585447;-0.021260749;0.501139082;1.734755187;3.633626632;54.325175;-55.683886;-8.072719
547;1.427389706;-0.012052185;0.546323975;1.834859654;3.239953963;46.916996;-64.308117;-4.444732
548;1.346601704;-0.01537825;0.51826292;1.709025893;3.551924885;57.729758;-52.805333;-0.055869
549;1.425372788;-0.008396262;0.544779408;1.818546021;3.26476212;51.577594;-59.082087;1.571708
550;1.256668193;-0.0179708;0.489976319;1.802192306;3.24933058;54.65401;-54.147603;6.048095
551;1.470062789;0.002148389;0.55189043;1.926643753;2.981486176;46.454332;-61.290101;10.151158
552;1.436928229;-0.018737983;0.567663208;1.821717307;3.194836475;50.065433;-55.461514;12.717001
553;1.428272812;-0.001547352;0.567226121;1.794806454;3.050860958;46.970884;-59.978209;17.732882
554;1.362362522;0.028718264;0.409511583;1.791314813;3.399475121;42.640947;-78.170919;23.573643
555;1.227892322;0.018944804;0.520365627;1.729351966;3.003248341;58.053833;-16.49662;33.596544
556;1.424795283;0.009935579;0.53440667;1.870399375;2.928072676;34.779563;-70.130789;35.223681
557;1.790915092;0.020328795;0.452279586;1.910746168;2.66593719;30.130966;-67.73968;33.003939
558;1.329206314;0.035156024;0.508546377;1.710141854;3.047486082;54.752801;-24.832169;41.445226
559;1.277274977;0.002814641;0.444737871;1.745238882;2.976276281;48.430871;-34.748103;45.357145
560;1.496008413;0.012640812;0.505719361;1.885855834;2.848774996;31.123396;-63.790371;41.42699
561;1.327674472;-0.006601343;0.446258692;1.786093038;2.888342344;42.937914;-39.205707;43.301764
562;1.578219931;0.015750093;0.461705315;1.882425981;2.655610396;25.613928;-64.619872;45.066023
563;1.465531491;0.022459175;0.536232733;1.756486475;2.740644135;50.291891;-22.872595;40.660847
564;1.478663817;0.002612128;0.500244586;1.784152827;2.724768322;44.513825;-29.072661;42.792369
565;1.428006146;-0.001367948;0.438291904;1.814936469;2.780894186;38.025117;-39.956572;44.15127
566;1.510502196;0.01342506;0.330761664;1.871072073;2.706639233;14.968664;-70.541961;51.426563
567;1.466876454;0.021915934;0.417837165;1.902184039;2.709016865;27.946512;-60.903446;50.386579
568;1.49831192;0.014024015;0.450690787;1.848072722;2.738134;34.528829;-47.200628;46.425338
569;1.462269433;0.031829263;0.457833457;1.918414596;2.625684053;30.621301;-53.63326;49.405817
570;1.613065638;0.004863491;0.424400103;1.839898613;2.64306998;38.157529;-33.944452;46.906694
571;1.431492699;0.015718923;0.406320067;1.86195921;2.656222508;20.813355;-65.213065;54.41058
572;1.366597656;0.006212315;0.443750059;1.841050287;2.714240177;35.924489;-40.556251;51.411964
573;1.612577399;0.005697583;0.403478333;1.785653236;2.907451184;9.265669;-66.24254;54.053892
574;1.449922879;0.005843714;0.536619394;1.785752273;3.170732559;6.826488;-51.945057;53.602785
575;1.290534206;0.019762328;0.37234947;1.86151885;2.676108101;33.824487;-47.407544;55.295483
576;1.362079707;0.019336691;0.407335881;1.891601981;2.560294614;26.950467;-54.809792;58.264123
577;1.577098611;0.004971514;0.352982169;1.774774516;2.797648025;12.415605;-63.935876;58.538546
578;1.448663815;0.026133356;0.45493796;1.743662874;2.879621062;8.588574;-59.241845;56.925879
579;1.299905439;0.013553467;0.307901701;1.825670038;2.714337843;18.752302;-59.822077;61.678718
580;1.472533138;-0.003098831;0.412286272;1.736373943;2.729597083;12.656622;-57.485992;61.684238
581;1.379625683;0.003099628;0.441903087;1.725735533;2.906318359;8.282696;-51.687896;62.674135
582;1.286446193;0.005431909;0.333447306;1.782523106;2.654381851;27.397352;-46.643167;63.775288
583;1.352240637;0.002547196;0.39017532;1.77334237;2.592624662;19.925208;-52.952049;63.960788
584;1.40391955;0.006077849;0.345156654;1.749743979;2.749582023;13.701297;-49.759033;68.181012
585;1.348890792;0.006496536;0.476042182;1.833156107;2.923914205;42.693224;-1.372958;48.551765
586;1.325152992;-0.004166509;0.50545189;1.800788933;3.040601232;33.325046;-1.604766;51.363711
587;1.341921162;0.001709883;0.482119046;1.724534636;3.065412675;26.75575;1.598424;54.259168
588;1.295316824;0.007115539;0.436590085;1.888746699;2.8425283;36.709634;-6.835074;54.76601
589;1.440982754;-0.011772472;0.436994401;1.778061917;2.877464095;26.257829;-7.552591;52.870897
590;1.221222409;-0.005900335;0.452187107;1.728261232;3.021708566;22.473085;-2.605251;60.901295
591;1.280292399;-0.001472945;0.508090215;1.728215598;3.398538401;57.436403;7.821224;22.659721
592;1.477932846;0.001197848;0.510691994;1.750176665;3.108985103;43.573072;9.925641;25.91103
593;1.391699733;-0.007640701;0.546502125;1.749877193;3.087082182;46.713202;6.38245;29.486369
594;1.243020488;-0.014140063;0.485534626;1.773472779;3.083746066;52.330904;3.815379;34.269292
595;1.427461261;0.022300193;0.607627086;1.806338217;3.32664366;53.693975;-48.154118;11.327044
596;1.676337238;0.011154886;0.542529856;1.846257648;3.110398387;52.082256;-42.161764;12.877095
597;1.425325602;0.022354469;0.588671736;1.784941571;3.173737791;55.13119;-43.899732;19.926789
598;1.329091875;0.009346192;0.603138478;1.783093359;3.271600986;59.617685;-34.288033;21.962652
599;1.255099714;-0.006634681;0.537927864;1.749378567;3.390704071;59.201065;-40.888295;21.01364
600;1.342688872;0.037884471;0.641246737;1.772548253;3.317837397;55.521536;-23.079542;22.54365
601;1.251450169;-0.010282966;0.519046985;1.710610785;3.343652577;56.682765;-43.560214;27.132938
602;1.188282143;-0.007634123;0.478781531;1.693346637;3.481835189;60.468862;-37.777117;29.523588
603;1.3917148;-0.004858399;0.578474776;1.710861625;3.051933377;57.793412;-30.896457;30.613693
604;1.148146671;0.002106956;0.489393748;1.709766579;3.327508825;60.870426;-16.099472;25.704208
605;1.187896025;0.002659188;0.462996606;1.695027907;3.284978354;60.579512;-22.872393;31.937472
606;1.219632176;-0.016431154;0.445649518;1.701820202;3.268743902;55.861918;-42.373747;36.670231
607;1.175745479;-0.003662439;0.344862307;1.672067638;3.363368762;59.630889;-30.717089;39.891556
608;1.290004928;0.008585687;0.426236182;1.781248825;3.178474233;49.530865;1.980824;43.060128
609;0.933695142;-0.073077043;0.61161412;1.590237963;3.382750158;37.564444;4.738699;-15.71477
610;1.064569962;-0.081584101;0.720647842;1.614714773;3.550974224;40.585351;-3.463032;-10.737956
611;1.048766964;-0.044043813;0.754613961;1.59550626;4.635617337;39.719467;10.349215;-4.535858
612;1.3283289;-0.026700137;0.580561526;1.68900841;3.355814948;35.863176;27.059101;1.912302
613;1.214189609;-0.047605824;0.729190666;1.742441832;3.921558172;39.401185;-10.313374;-2.431597
614;1.12381338;-0.062367445;0.81845425;1.646736637;3.904321122;39.305679;2.746875;3.066758
615;1.28171482;-0.051991963;0.616789065;1.61568272;3.255838341;33.777027;18.470274;8.315813
616;1.284344501;-0.029492945;0.638534029;1.683014082;3.249385556;41.609637;22.887084;6.647447
617;1.230633408;-0.06444895;0.676784079;1.614230027;3.175120206;36.024192;6.417937;10.794717
618;1.179960667;-0.053669001;0.716757226;1.651370983;3.643360442;44.237092;14.694366;4.844685
619;1.213294359;-0.048971434;0.687865034;1.657510329;3.676669177;49.585424;9.820116;1.915856
620;1.212736533;-0.030476719;0.680771751;1.709083294;3.448948165;47.153854;-0.703635;8.480566
621;1.326994373;-0.028892307;0.609634741;1.711861231;3.521821435;55.15758;3.095101;6.145371
622;1.287985648;-0.019127128;0.610590584;1.658296686;3.343278742;52.969172;11.926516;10.452238
623;1.332610094;-0.006309565;0.57446899;1.678306739;3.162172541;52.090301;8.251625;18.355387
624;1.295951291;-0.005610076;0.528494092;1.634646744;3.136389532;46.014833;39.890744;2.349125
625;1.214363499;-0.018794129;0.546704675;1.583519671;3.057970303;28.823165;44.716551;26.48887
626;1.130827195;-0.060013773;0.630910222;1.576728662;3.689465225;7.397483;21.13062;33.302706
627;1.09033705;-0.039947709;0.647643748;1.583232494;3.505042317;4.153903;6.439065;35.691742
628;1.244062835;-0.057988724;0.572014493;1.681363664;2.929179469;2.548132;-6.378004;34.515243
629;1.471002407;-0.024010564;0.620185124;1.728682013;3.769434008;7.127357;-25.605967;41.488327
630;1.194975311;-0.015893965;0.559270564;1.665082635;3.465222508;8.856573;9.228347;42.525534
631;1.538689768;0.022135235;0.591059668;1.75009878;3.344605092;9.596726;-34.989655;42.904379
632;1.675451523;-0.008096294;0.425182047;1.729622784;2.857328666;13.682335;-26.552472;40.512288
633;1.262781256;-0.012904718;0.538132082;1.693444183;3.568498548;7.256958;12.266356;49.860139
634;1.512427484;0.008028824;0.543425672;1.776181663;3.015800158;11.116366;-41.939527;48.934066
635;1.544010483;0.011529524;0.432754002;1.755483758;2.626732947;14.606261;-33.726895;45.306055
636;1.223198906;-0.012732607;0.510290791;1.680532008;3.455193316;6.342493;10.556018;57.532941
637;1.44995451;0.01702543;0.423871346;1.82167253;2.516730467;13.347551;-39.245939;52.98254
638;1.423554182;0.006741606;0.464415694;1.791921197;2.698739055;10.126015;-45.989112;57.634626
639;1.257834533;-0.002981673;0.467107995;1.772642026;3.421656704;6.498592;-2.70428;63.721159
640;1.177765858;-0.013943914;0.3980572;1.661320278;3.281050588;13.997006;3.603333;67.943657
641;1.26187849;-0.003552075;0.407155557;1.794152877;3.078042775;10.12233;-8.425157;69.273584
642;1.122117696;-0.055701511;0.586009687;1.702732606;4.195359511;20.739822;13.09364;-20.304908
643;1.324784384;-0.046473087;0.549272889;1.58618017;3.458517941;14.750227;26.050682;-22.941749
644;1.028533963;-0.067938427;0.716394634;1.525331878;3.646045016;13.258626;13.950795;-17.382844
645;1.18999989;-0.051222832;0.577678885;1.549103205;2.868771753;10.228529;29.029894;-20.774033
646;1.287380939;-0.027775656;0.544937002;1.663957301;3.503743127;23.399561;29.537324;-17.1287
647;1.293859668;-0.039726834;0.506847985;1.547713066;3.371780806;9.824001;48.617237;-21.6759
648;1.109843335;-0.072064279;0.622100312;1.570073713;3.514570778;5.155087;14.967656;-18.875805
649;1.334353588;-0.052045615;0.574376196;1.550057378;3.443061753;3.297522;36.847018;-24.187775
650;1.079514294;-0.079430047;0.670791536;1.281606367;3.800098594;3.754482;18.302912;-12.610798
651;1.295675038;-0.028424242;0.458711892;1.591826871;3.696705687;8.741286;63.225636;-12.385916
652;1.214133348;-0.078585968;0.455892154;1.471974042;4.392969483;30.07006;3.205032;-42.102297
653;1.215847148;-0.063069955;0.532887739;1.456066661;4.172350612;34.938737;11.690653;-38.974997
654;1.230171245;-0.045222159;0.512556464;1.489725103;3.995367578;48.636057;-5.953729;-37.978006
655;1.200173538;-0.061453497;0.548901445;1.545793801;3.563195245;41.380519;-10.392142;-33.869624
656;1.100698391;-0.079897658;0.489679832;1.540514558;4.039613912;32.460302;-9.032912;-34.866535
657;0.969233902;-0.085451433;0.43930752;1.48094169;4.200898131;20.056288;-4.066672;-30.677607
658;0.948068973;-0.09335613;0.489169025;1.254833531;5.102325999;24.655594;3.938913;-28.448382
659;1.253713321;-0.043104934;0.534154166;1.600980177;3.630265973;51.502335;-22.964621;-28.458385
660;1.273957541;-0.048745718;0.544419047;1.677638442;3.469703706;42.839929;-24.433759;-24.131202
661;1.036409808;-0.074497595;0.469514598;1.480138306;4.343570771;31.898288;10.197664;-27.571169
662;1.18486313;-0.077769196;0.472846477;1.458604758;4.203682867;41.037153;18.324174;-29.625013
663;1.003625767;-0.056699156;0.2727278;1.726607762;3.475794922;24.870766;-15.552358;-28.858238
664;0.918394273;-0.09365747;0.510732662;1.501079825;3.696213618;38.997677;9.411292;-22.712674
665;0.91468334;-0.048004902;0.248337999;1.883720181;2.997427672;22.18584;-24.524104;-22.3238
666;1.028863619;-0.070126517;0.537874583;1.487015577;3.33032667;45.87222;8.07859;-16.15669
667;1.287732375;0.001897722;0.497850399;1.732181221;3.216543137;53.887521;-49.58104;34.804375
668;1.288613657;-0.00808714;0.400231807;1.7960003;3.297274582;41.47381;-72.19281;35.450574
669;1.171497074;-0.004563386;0.415324915;1.746393509;3.290725862;51.076974;-52.96983;41.998947
670;1.084622836;-0.007368845;0.280616128;1.694256588;3.232882178;54.334512;-36.34248;45.330472
671;1.325026375;-0.010240514;0.446361031;1.741553829;3.098816872;49.468838;-44.366542;44.846492
672;1.216928098;0.009435023;0.347318471;1.787393543;3.134036397;45.63626;-55.547685;45.710445
673;1.366481527;0.013455254;0.415710556;1.851064786;2.947802342;36.526989;-65.010983;42.190607
674;1.390393554;-0.017855917;0.535502394;1.786243823;2.975763148;45.205795;-47.658734;45.212265
675;1.480666935;0.017386455;0.501149441;1.837594134;2.884910106;38.840428;-55.899447;44.939993
676;1.533380552;0.014092313;0.544761261;1.831874904;2.817887497;39.753187;-47.239589;43.452999
677;1.555780576;0.012400513;0.507160008;1.875139605;2.822692559;33.503902;-57.280179;45.250447
678;1.31493355;-0.038549045;0.565571527;1.609107594;3.695838217;57.381987;-30.84266;-22.092744
679;1.289218688;-0.028378132;0.518389988;1.704284545;3.836775798;56.3197;-46.843781;-17.670293
680;1.397912961;-0.029647476;0.552595749;1.667775007;3.6888945;60.137025;-44.359039;-8.291833
681;1.019515932;-0.046880714;0.669932538;1.609489353;4.043798166;32.034003;17.932488;-12.384913
682;1.11578388;-0.024640614;0.688953099;1.652316876;3.792064608;33.713065;22.954229;-6.016724
683;1.27604083;-0.031186777;0.512367866;1.573182349;3.495552788;22.607928;42.690086;-15.749278
684;1.250825374;-0.027600302;0.513543719;1.550180765;3.495325296;24.969598;55.490035;-12.888813
685;1.28902075;-0.022411775;0.492073182;1.572593026;3.558565769;39.302446;51.009979;-9.245286
686;1.160810098;-0.01481001;0.580379844;1.587359479;3.245679927;29.619694;56.563139;-1.831621
687;1.167880352;-0.012624343;0.517724375;1.603892941;3.23573328;19.094552;62.542234;-2.547798
688;1.193312335;-0.009937113;0.560404745;1.593122325;3.291049347;40.873604;49.86993;-0.540568
689;1.22533371;-0.009901307;0.59155558;1.609873602;3.017796726;25.721897;56.092236;5.268914
690;1.208504728;-0.014846613;0.586964551;1.613923154;3.202330232;39.584504;47.600078;8.324599
691;1.129407674;-0.004632509;0.520609113;1.619101294;3.152616326;33.490731;53.169958;8.508396
692;1.283268818;-0.00630121;0.564301361;1.650412406;3.04755282;43.648891;38.752824;10.161102
693;1.278097753;-0.004177021;0.54020791;1.695467042;3.398574266;52.746115;20.076825;11.719434
694;1.279125319;0.017402762;0.525048815;1.731198851;2.989164892;47.181277;30.334471;16.057935
695;1.217227162;-0.005827683;0.579387389;1.599362269;3.006233047;26.514796;55.076671;12.991206
696;1.276464703;0.002106242;0.557353301;1.745083767;3.14984607;49.314647;17.598575;21.38273
697;1.206553545;-0.016620646;0.518649435;1.618218725;3.217794396;40.229786;43.346045;17.0171
698;1.225604792;-0.028093731;0.571856017;1.6010238;3.131657706;32.215842;48.509548;18.538939
699;1.293333727;0.001698776;0.521052805;1.707376395;3.014560396;43.772563;30.478628;22.482187
700;1.130059516;-0.019145268;0.477702044;1.573480649;3.056316082;24.160706;52.903917;22.600754
701;1.376933997;-0.001579969;0.537729873;1.764647717;2.97160348;41.938966;17.230494;27.094074
702;1.17704788;-0.017268537;0.539757602;1.60708441;3.162712825;37.408387;38.510591;26.56572
703;1.178822013;0.015078699;0.424174021;1.702744153;3.060545214;44.158029;24.632166;30.590283
704;1.420388968;0.010066148;0.513416703;1.746564885;3.066462624;40.139412;11.567084;32.892583
705;1.174963803;-0.014840779;0.480472916;1.625083946;3.135364349;39.652306;28.446566;35.619212
706;1.175452021;-0.012260756;0.525342387;1.593128601;3.131728605;31.614775;36.557095;34.209912
707;1.406891286;0.000436508;0.556167016;1.768407221;3.00065528;43.215158;5.181664;36.909347
708;1.228983656;-0.000571687;0.462529184;1.697432926;3.079299946;41.490791;15.677148;39.116049
709;1.210530061;-0.014249848;0.379479749;1.634803088;3.262898686;36.754434;22.288003;44.971625
710;1.237122466;-0.001647337;0.46376661;1.743897005;3.070395972;41.417836;6.159842;45.722319
711;1.265998037;-0.005455159;0.331085364;1.722206262;3.207373506;38.232924;10.07696;51.948365
712;1.286565908;-0.005986079;0.534119539;1.688197618;3.12084755;30.466017;12.696834;52.354053
713;1.318957277;-0.010539246;0.490074309;1.67465277;2.982615281;24.172749;8.590015;54.319546
714;1.233747486;-0.022583762;0.406492921;1.653010561;3.187778466;21.593303;7.073244;62.547799
715;1.793491204;0.032737837;0.540518099;1.991479384;2.983888324;12.021677;-66.14315;33.098576
716;1.57420489;0.035537183;0.486189091;1.956328888;2.765842624;12.226262;-70.542483;41.862556
717;1.590009095;0.021729339;0.540273671;1.865048282;3.14451763;6.412803;-67.614053;43.822433
718;1.571566616;0.050790813;0.357468858;1.852943166;2.894257917;8.92686;-69.964328;48.934272
719;1.49024521;0.023906476;0.53078436;1.791218962;3.104787526;6.804817;-62.857013;50.882711
720;1.831585512;0.038258202;0.243986089;1.885426978;2.82106437;6.747381;-31.511734;26.766908
721;1.130910704;-0.062378646;0.381278737;1.255423154;2.889201663;4.997706;-1.781018;29.873868
722;1.546860428;-0.008161951;0.293457179;1.743879739;2.898680071;5.574218;-18.959738;28.625635
723;1.091933225;-0.069032433;0.640174269;1.534536892;3.898035236;8.438554;34.795746;22.5894
724;1.222719418;-0.037017536;0.621850899;1.599692126;3.723264201;7.941217;32.76132;32.621772
725;1.235412613;-0.015067294;0.538122489;1.635830181;3.721291711;5.899434;25.529947;47.575976
726;1.514100486;-0.011102532;0.527661611;1.77756824;3.360393135;51.425923;-52.566057;17.022139
727;1.59406797;-0.002269596;0.537270525;1.797757462;3.162050755;51.712139;-47.497083;18.51232
728;1.387937759;-0.00443394;0.585641611;1.759287079;3.196690176;51.685473;-51.322787;23.663028
729;1.339928177;0.002225824;0.524684252;1.758329001;3.242874696;46.376833;-68.364061;23.975997
730;1.531424121;-0.016599692;0.551392943;1.755841624;3.280585183;50.035634;-57.177765;23.4168
731;1.456007091;-0.015941159;0.540516669;1.746914709;3.143791947;53.87309;-47.685691;25.689678
732;1.341609246;0.002925262;0.536135774;1.7557788;3.264433065;47.716226;-63.869966;30.418381
733;1.30657889;-0.014519777;0.547656831;1.741541247;3.25739753;51.96977;-54.395401;31.311641
734;1.262289804;0.00032456;0.477902209;1.757499257;3.299870229;49.5318;-58.968956;35.796048
735;1.232847485;0.011339585;0.412582295;1.794098339;3.219558988;44.203396;-63.962865;40.765651
736;1.274845521;-0.055573231;0.543767786;1.481424836;3.912417394;49.164175;6.565647;-31.704558
737;1.338948873;-0.052117706;0.556222472;1.521653742;3.823952828;57.758159;-11.381076;-25.113542
738;1.277339174;-0.092432289;0.524507016;1.518774079;3.967908639;49.788998;13.520451;-19.81676
739;1.376299794;-0.03448924;0.579712332;1.559776014;3.638756004;58.476939;-9.033008;-15.973102
740;1.386341743;-0.043869367;0.558975513;1.615488901;3.715281495;62.019952;-29.053775;-14.492436
741;1.276589502;-0.043325073;0.604599076;1.581065548;3.46495104;52.789494;1.56539;-15.671837
742;1.387018753;-0.036489386;0.636276058;1.637763061;3.590856609;60.584343;-22.611305;-8.044627
743;1.347667969;-0.041432174;0.59329662;1.634764931;3.116043975;50.575249;-11.56539;-12.43802
744;1.387740739;-0.023533917;0.619748721;1.668769103;3.675624313;61.941978;-34.160506;-3.299598
745;1.575690795;-0.016760418;0.531489541;1.707770548;3.117283973;49.714989;-23.660599;-6.190293
746;1.527783658;-0.021093808;0.63568471;1.705955018;3.345903879;54.025975;-32.554572;-2.397336
747;1.395949335;-0.00979086;0.592212398;1.722761352;3.542794153;58.414577;-44.194371;4.2092
748;1.653116451;-0.00087315;0.53243855;1.782623278;3.255169449;50.821401;-37.334511;4.142376
749;1.14639401;-0.026403709;0.576214805;1.694979062;3.947510224;28.311081;18.855156;-18.335169
750;1.298745406;-0.004861929;0.556829943;1.683997587;3.158623561;34.604771;38.561864;-11.887109
751;1.262313708;0.019675713;0.539255338;1.754532791;3.642216569;37.957366;27.638919;-14.966
752;1.368888225;-0.015605147;0.516846315;1.660391934;3.440713313;45.835046;33.939208;-9.3867
753;1.355857194;0.002251356;0.53586035;1.697937971;3.259131456;49.23914;31.248898;-0.921116
754;1.310627827;-0.006883566;0.531743871;1.715306962;3.286817663;51.633812;27.496353;8.37507
755;1.156674077;-0.057806206;0.674892042;1.542442906;3.62937161;5.463692;38.880594;-14.02084
756;1.239476838;-0.026225619;0.599938596;1.579699622;3.580942451;6.173829;55.251929;-9.117745
757;1.089482095;-0.066159342;0.527092599;1.255341793;3.863040886;3.702596;28.302882;-7.9242
758;1.169577359;-0.081293583;0.642598064;1.557199531;3.557209186;8.690127;50.994586;-2.554415
759;1.231147547;-0.031692761;0.472018351;1.599757503;3.509258401;8.741195;64.887413;2.747853
760;1.003765367;-0.072909065;0.582277222;1.382582096;4.046218273;7.06752;41.079991;-0.340465
761;1.067281178;-0.022069266;0.405198575;1.591459198;3.173689617;16.889576;63.773518;12.45414
762;1.192814843;-0.041114014;0.582177316;1.553386584;3.595404657;7.894269;55.366254;12.400887
763;1.052524563;-0.066268024;0.639844324;1.497149481;3.982040583;9.154557;43.369203;10.551282
764;0.970722165;-0.064236288;0.425592068;1.082711618;3.558482542;5.204267;27.848765;16.398214
765;1.094121161;-0.020491677;0.440759555;1.564273104;3.033205715;15.099831;59.050176;23.303143
766;1.189061177;-0.045454006;0.624305452;1.566076122;3.654079663;8.470831;43.847837;22.016184
767;1.008609059;-0.062830463;0.412343126;1.057752894;3.276101826;4.958141;14.411611;24.717254
768;1.211166294;-0.021336243;0.450859158;1.563669202;3.517420229;7.065659;53.152634;30.427595
769;1.147851184;-0.019462144;0.440989297;1.56221142;3.061508833;17.200133;49.31217;34.647934
770;1.27810528;-0.027556244;0.54696416;1.585473866;3.063368068;24.314302;39.207835;35.423554
771;1.243177163;-0.031756597;0.505871965;1.597822584;3.6755092;5.859885;40.900255;38.810214
772;1.165458025;-0.024358499;0.318599486;1.588410765;3.334020338;11.142891;43.80617;45.561564
773;1.280906014;-0.023031271;0.565416009;1.621845935;3.113996176;28.413241;27.2883;41.767126
774;1.117871089;-0.012612881;0.437422712;1.606314108;3.102222271;20.678722;34.881514;43.607133
775;1.285634757;-0.022300417;0.416060336;1.605880464;3.428440588;11.459893;31.829266;54.312757
776;1.272961464;-0.016655133;0.545264371;1.657102233;3.003365657;24.430198;19.874955;47.894151
777;1.237106266;-0.016512709;0.403308217;1.630440032;3.256097214;21.087237;21.662553;55.378048
778;1.251821613;-0.016104185;0.43728604;1.623983707;3.396235093;11.010465;16.999773;61.968453
779;1.856507352;0.004267273;0.346070253;1.819398633;3.291685741;10.428949;-46.289547;5.518608
780;1.818762877;0.008980903;0.463745604;2.000243324;3.682521852;11.363253;-53.631346;11.175336
781;1.913292092;-0.003754226;0.275377002;1.582238012;3.326235628;6.91177;-45.795756;12.233909
782;1.921122053;0.010206823;0.495143829;1.992986839;3.187206479;16.651845;-57.481335;19.671029
783;1.675228614;-0.006059049;0.490468658;2.010393332;3.61958474;4.966771;-51.015005;16.437397
784;1.823517116;0.020835812;0.289610059;1.820943158;3.179942629;6.637225;-41.930809;22.127572
785;1.631623437;0.021244661;0.61430354;1.956296395;3.545656814;4.963401;-57.380334;21.231307
786;1.657920163;0.028733652;0.619142541;1.974489494;3.331930292;8.30719;-64.579146;26.448606
787;1.649534284;0.002444884;0.551702423;1.963010703;3.737931819;6.389128;-48.039462;27.889307
788;1.642164679;0.007842298;0.567866132;2.047065648;3.571143864;3.864742;-38.946261;29.678017
789;1.668449394;-0.010321634;0.610476349;1.91450609;3.448155993;5.985694;-56.977109;28.801391
790;1.847820353;0.010414722;0.501427664;1.860265968;3.083035058;10.838064;-51.117639;33.956088
791;1.751893354;-0.01812906;0.488772765;1.831673584;3.457200881;9.385115;-42.561276;35.230808
792;1.516934871;-0.002972574;0.633648354;1.912230314;3.83523595;3.498389;-26.438489;35.534129
793;1.554417802;-0.003683431;0.613450559;1.854178288;3.969339867;5.028557;-34.578491;35.895106
794;1.375459286;-0.027665756;0.63045349;1.802104407;3.489022834;3.06874;-16.133459;36.580416
795;1.637773067;0.006926872;0.616219928;1.891715572;3.344003286;5.609967;-62.760177;36.214195
796;1.667944131;-0.005645934;0.55231418;1.823387211;3.073239859;10.624794;-49.686205;39.875343
797;1.617321943;0.002841499;0.56349766;1.828774205;3.20023464;6.95783;-57.282302;45.579536
798;1.492035678;0.00245915;0.602796403;1.805273554;3.359987561;7.296519;-47.464084;46.231391
799;1.448084549;-0.005015217;0.651098222;1.788720082;3.433895138;7.819422;-41.824603;41.057523